https://scontent-nrt1-1.cdninstagram.com/t51.2885-15/s640x640/sh0.08/e35/15043968_1807028506176638_3526522033846353920_n.jpg,#チョコパイ #手作り #誰かの好物
https://scontent-nrt1-1.cdninstagram.com/t51.2885-15/s640x640/sh0.08/e35/15101533_634400716721537_4149229456394813440_n.jpg,#炊き込みご飯 #さつまいも
https://scontent-nrt1-1.cdninstagram.com/t51.2885-15/s640x640/sh0.08/e35/14566636_1803573066577497_6571286176034979840_n.jpg,ハンバーグ作ってみた
https://scontent-nrt1-1.cdninstagram.com/t51.2885-15/s640x640/sh0.08/e35/15057343_220992758337492_7226687770108887040_n.jpg,上海の夜景ってポテンシャルあるのに、なにかもったいない
https://scontent-nrt1-1.cdninstagram.com/t51.2885-15/s640x640/sh0.08/e35/15099561_625341847649035_8452785729209106432_n.jpg,#火鍋
https://scontent-nrt1-1.cdninstagram.com/t51.2885-15/s640x640/sh0.08/e35/15034728_562606923943454_4616166820368351232_n.jpg,
https://scontent-nrt1-1.cdninstagram.com/t51.2885-15/s640x640/sh0.08/e35/14566739_1458473710848108_1254877096136671232_n.jpg,
https://scontent-nrt1-1.cdninstagram.com/t51.2885-15/s640x640/sh0.08/e35/15043863_559570307567016_3620659088385376256_n.jpg,"機体工場に行ってきました！楽しかった！
#787-8 #ロールスロイス"
https://scontent-nrt1-1.cdninstagram.com/t51.2885-15/s640x640/sh0.08/e35/15034649_1877250822509065_4899576452212588544_n.jpg,"誕生日、彼女に果たし状渡されたと思ったら機体工場の入館証だった！

#うれしい #あした楽しみ"
https://scontent-nrt1-1.cdninstagram.com/t51.2885-15/s640x640/sh0.08/e35/15048252_1683815798615930_397297230932869120_n.jpg,#余った耳で #ラスク
https://scontent-nrt1-1.cdninstagram.com/t51.2885-15/s640x640/sh0.08/e35/15047999_217263142042451_2857893748681998336_n.jpg,"フレンチトースト
#西多士"
https://scontent-nrt1-1.cdninstagram.com/t51.2885-15/s640x640/sh0.08/e35/15043898_1839400132970365_2858247198720655360_n.jpg,"テーマ:家庭料理
#豆苗炒め #卵トマト炒め #冬瓜スープ"
